invoice_id,flagged,error_category,expected_total_cents,billed_total_cents,confidence,coverage,review_required,duplicate_record_count,canonical_invoice_row_no,source_context_complete
INV-H5-000001,1,line_total_arithmetic|service_date_after_invoice_date|duplicate_invoice_id|cross_invoice_duplicate,1765346,1790346,0.513,0.923,True,2,232,True
INV-H5-000076,1,unit_price_mismatch|duplicate_invoice_id,3063183,3061300,0.514,0.929,True,2,104,True
INV-H5-000113,1,volume_discount_incorrectly_applied,1404298,1374270,0.543,0.667,True,1,113,True
INV-H5-000294,1,wrong_unit_basis,928839,928839,0.543,0.667,True,1,294,True
INV-H5-000340,0,,934866,934866,0.56,0.714,True,1,340,True
INV-H5-000395,0,,3365482,3365482,0.572,0.75,True,1,395,True
INV-H5-000654,0,,3017547,3017547,0.572,0.75,True,1,654,True
INV-H5-000866,0,,2379332,2379332,0.582,0.778,True,1,866,True
INV-H5-000984,0,,1751224,1751224,0.585,0.786,True,1,984,True
INV-H5-001035,0,,3506503,3506503,0.585,0.786,True,1,1035,True
INV-H5-000079,0,,5567277,5567277,0.589,0.8,True,1,79,True
INV-H5-000084,0,,2763677,2763677,0.589,0.8,True,1,84,True
INV-H5-000168,0,,492371,492371,0.589,0.8,True,1,168,True
INV-H5-000244,0,,2297415,2297415,0.589,0.8,True,1,244,True
INV-H5-000410,1,unit_price_mismatch,1262062,1187959,0.589,0.8,True,1,410,True
INV-H5-000499,0,,598841,598841,0.589,0.8,True,1,499,True
INV-H5-000543,1,wrong_unit_basis,1342323,1342323,0.589,0.8,True,1,543,True
INV-H5-000565,1,unit_price_mismatch,2225625,2172269,0.589,0.8,True,1,565,True
INV-H5-000579,0,,999372,999372,0.589,0.8,True,1,579,True
INV-H5-000729,1,unit_price_mismatch,1602917,1539227,0.589,0.8,True,1,729,True
INV-H5-000734,0,,831599,831599,0.589,0.8,True,1,734,True
INV-H5-000784,0,,471266,471266,0.589,0.8,True,1,784,True
INV-H5-000797,0,,1157947,1157947,0.589,0.8,True,1,797,True
INV-H5-000020,0,,2968274,2968274,0.596,0.818,True,1,20,True
INV-H5-000034,1,malformed_service_date|exclusion_window_violation|cross_invoice_duplicate,1586458,1586458,0.596,0.818,True,1,34,True
INV-H5-000066,0,,3033515,3033515,0.596,0.818,True,1,66,True
INV-H5-000337,0,,2988373,2988373,0.596,0.818,True,1,337,True
INV-H5-000602,1,unit_price_mismatch,6285631,6125563,0.596,0.818,True,1,602,True
INV-H5-000966,0,,2912832,2912832,0.596,0.818,True,1,966,True
INV-H5-000046,1,wrong_unit_basis,2819235,2819235,0.601,0.833,True,1,46,True
INV-H5-000128,0,,1094027,1094027,0.601,0.833,True,1,128,True
INV-H5-000138,0,,1443715,1443715,0.601,0.833,True,1,138,True
INV-H5-000171,1,unit_price_mismatch|invoice_total_mismatch,2830349,2939365,0.601,0.833,True,1,171,True
INV-H5-000210,1,unit_price_mismatch,2115433,2003693,0.601,0.833,True,1,210,True
INV-H5-000302,0,,704292,704292,0.601,0.833,True,1,302,True
INV-H5-000414,0,,973280,973280,0.601,0.833,True,1,414,True
INV-H5-000482,0,,945245,945245,0.601,0.833,True,1,482,True
INV-H5-000505,0,,1570501,1570501,0.601,0.833,True,1,505,True
INV-H5-000576,0,,1995013,1995013,0.601,0.833,True,1,576,True
INV-H5-000608,0,,3039543,3039543,0.601,0.833,True,1,608,True
INV-H5-000636,0,,1615307,1615307,0.601,0.833,True,1,636,True
INV-H5-000655,0,,441786,441786,0.601,0.833,True,1,655,True
INV-H5-000750,0,,916379,916379,0.601,0.833,True,1,750,True
INV-H5-000863,0,,962485,962485,0.601,0.833,True,1,863,True
INV-H5-000940,0,,4135982,4135982,0.601,0.833,True,1,940,True
INV-H5-000969,1,unit_price_mismatch|contract_number_mismatch,961727,1082586,0.601,0.833,True,1,969,True
INV-H5-000981,0,,1909714,1909714,0.601,0.833,True,1,981,True
INV-H5-001016,0,,3158184,3158184,0.601,0.833,True,1,1016,True
INV-H5-000532,0,,1643101,1643101,0.606,0.846,True,1,532,True
INV-H5-000725,0,,4234755,4234755,0.607,0.85,True,1,725,True
INV-H5-001052,0,,3448607,3448607,0.607,0.85,True,1,1052,True
INV-H5-000011,0,,2091174,2091174,0.609,0.857,True,1,11,True
INV-H5-000017,0,,1203384,1203384,0.609,0.857,True,1,17,True
INV-H5-000057,1,unit_price_mismatch,1189175,1142125,0.609,0.857,True,1,57,True
INV-H5-000060,0,,1840486,1840486,0.609,0.857,True,1,60,True
INV-H5-000126,1,unit_price_mismatch,3009550,2992540,0.609,0.857,True,1,126,True
INV-H5-000157,0,,989403,989403,0.609,0.857,True,1,157,True
INV-H5-000231,0,,2501336,2501336,0.609,0.857,True,1,231,True
INV-H5-000331,1,unit_price_mismatch,3611906,3538508,0.609,0.857,True,1,331,True
INV-H5-000723,0,,1416098,1416098,0.609,0.857,True,1,723,True
INV-H5-000737,0,,3758182,3758182,0.609,0.857,True,1,737,True
INV-H5-000781,0,,1036414,1036414,0.609,0.857,True,1,781,True
INV-H5-000846,0,,3319061,3319061,0.609,0.857,True,1,846,True
INV-H5-000913,0,,1289242,1289242,0.609,0.857,True,1,913,True
INV-H5-000931,0,,2722883,2722883,0.609,0.857,True,1,931,True
INV-H5-000031,1,unit_price_mismatch,2900159,2851887,0.613,0.867,True,1,31,True
INV-H5-000478,1,unit_price_mismatch,3309328,3256708,0.613,0.867,True,1,478,True
INV-H5-000639,0,,5602433,5602433,0.613,0.867,True,1,639,True
INV-H5-000777,1,unit_price_mismatch,3392810,3286660,0.613,0.867,True,1,777,True
INV-H5-000792,0,,4177525,4177525,0.613,0.867,True,1,792,True
INV-H5-001000,0,,3543284,3543284,0.613,0.867,True,1,1000,True
INV-H5-000006,0,,3572873,3572873,0.616,0.875,True,1,6,True
INV-H5-000051,0,,1013625,1013625,0.616,0.875,True,1,51,True
INV-H5-000167,0,,1958396,1958396,0.616,0.875,True,1,167,True
INV-H5-000449,0,,945432,945432,0.616,0.875,True,1,449,True
INV-H5-000611,0,,2024008,2024008,0.616,0.875,True,1,611,True
INV-H5-000702,0,,1859589,1859589,0.616,0.875,True,1,702,True
INV-H5-000743,1,unit_price_mismatch,4211452,4139044,0.616,0.875,True,1,743,True
INV-H5-000746,1,unit_price_mismatch,1454566,1518806,0.616,0.875,True,1,746,True
INV-H5-000834,1,unit_price_mismatch,3372940,3231790,0.616,0.875,True,1,834,True
INV-H5-000943,0,,3304292,3304292,0.616,0.875,True,1,943,True
INV-H5-000976,0,,2126336,2126336,0.616,0.875,True,1,976,True
INV-H5-001028,0,,2167015,2167015,0.616,0.875,True,1,1028,True
INV-H5-001048,0,,2854497,2854497,0.616,0.875,True,1,1048,True
INV-H5-000174,0,,4402790,4402790,0.618,0.882,True,1,174,True
INV-H5-000287,0,,3476965,3476965,0.618,0.882,True,1,287,True
INV-H5-000307,1,unit_price_mismatch,5286236,5262100,0.618,0.882,True,1,307,True
INV-H5-000711,0,,4984521,4984521,0.618,0.882,True,1,711,True
INV-H5-000055,0,,3080927,3080927,0.621,0.889,True,1,55,True
INV-H5-000072,0,,993866,993866,0.621,0.889,True,1,72,True
INV-H5-000092,0,,891912,891912,0.621,0.889,True,1,92,True
INV-H5-000122,0,,959841,959841,0.621,0.889,True,1,122,True
INV-H5-000141,1,unit_price_mismatch,2532263,2430635,0.621,0.889,True,1,141,True
INV-H5-000149,0,,1192595,1192595,0.621,0.889,True,1,149,True
INV-H5-000225,0,,2353133,2353133,0.621,0.889,True,1,225,True
INV-H5-000258,0,,2362807,2362807,0.621,0.889,True,1,258,True
INV-H5-000271,0,,3460030,3460030,0.621,0.889,True,1,271,True
INV-H5-000277,0,,1806405,1806405,0.621,0.889,True,1,277,True
INV-H5-000396,0,,2695206,2695206,0.621,0.889,True,1,396,True
INV-H5-000463,0,,2680893,2680893,0.621,0.889,True,1,463,True
INV-H5-000466,1,unit_price_mismatch,4117200,4073350,0.621,0.889,True,1,466,True
INV-H5-000497,0,,2455916,2455916,0.621,0.889,True,1,497,True
INV-H5-000519,0,,2278061,2278061,0.621,0.889,True,1,519,True
INV-H5-000530,0,,2127626,2127626,0.621,0.889,True,1,530,True
INV-H5-000646,0,,797825,797825,0.621,0.889,True,1,646,True
INV-H5-000691,0,,2280369,2280369,0.621,0.889,True,1,691,True
INV-H5-000720,0,,6213572,6213572,0.621,0.889,True,1,720,True
INV-H5-000740,0,,4658729,4658729,0.621,0.889,True,1,740,True
INV-H5-000741,0,,4436600,4436600,0.621,0.889,True,1,741,True
INV-H5-000749,1,daily_cap_exceeded,1840074,1840074,0.621,0.889,True,1,749,True
INV-H5-000808,0,,2982195,2982195,0.621,0.889,True,1,808,True
INV-H5-000883,0,,4556048,4556048,0.621,0.889,True,1,883,True
INV-H5-000888,0,,2813104,2813104,0.621,0.889,True,1,888,True
INV-H5-000894,0,,2477796,2477796,0.621,0.889,True,1,894,True
INV-H5-000928,0,,1748166,1748166,0.621,0.889,True,1,928,True
INV-H5-000993,0,,1363419,1363419,0.621,0.889,True,1,993,True
INV-H5-001053,0,,1740470,1740470,0.621,0.889,True,1,1053,True
INV-H5-000137,0,,4432064,4432064,0.623,0.895,True,1,137,True
INV-H5-000175,0,,6441555,6441555,0.623,0.895,True,1,175,True
INV-H5-000336,1,unit_price_mismatch,4982897,4947817,0.623,0.895,True,1,336,True
INV-H5-000362,1,unit_price_mismatch,5482537,5358295,0.623,0.895,True,1,362,True
INV-H5-000687,0,,3121667,3121667,0.623,0.895,True,1,687,True
INV-H5-000735,0,,3490346,3490346,0.623,0.895,True,1,735,True
INV-H5-000903,0,,5071274,5071274,0.623,0.895,True,1,903,True
INV-H5-000054,0,,1736920,1736920,0.625,0.9,True,1,54,True
INV-H5-000073,1,unit_price_mismatch|invoice_total_mismatch,1689586,1718945,0.625,0.9,True,1,73,True
INV-H5-000089,0,,5946686,5946686,0.625,0.9,True,1,89,True
INV-H5-000123,0,,4309429,4309429,0.625,0.9,True,1,123,True
INV-H5-000194,0,,1741926,1741926,0.625,0.9,True,1,194,True
INV-H5-000276,0,,3189413,3189413,0.625,0.9,True,1,276,True
INV-H5-000312,1,unknown_service|bundle_not_applied,4094776,4120545,0.625,0.9,True,1,312,True
INV-H5-000328,0,,1990887,1990887,0.625,0.9,True,1,328,True
INV-H5-000338,0,,4327391,4327391,0.625,0.9,True,1,338,True
INV-H5-000383,0,,2147363,2147363,0.625,0.9,True,1,383,True
INV-H5-000386,1,unit_price_mismatch,1357638,1348868,0.625,0.9,True,1,386,True
INV-H5-000493,0,,5104874,5104874,0.625,0.9,True,1,493,True
INV-H5-000595,0,,921110,921110,0.625,0.9,True,1,595,True
INV-H5-000604,0,,1168222,1168222,0.625,0.9,True,1,604,True
INV-H5-000630,0,,3025497,3025497,0.625,0.9,True,1,630,True
INV-H5-000678,0,,3458106,3458106,0.625,0.9,True,1,678,True
INV-H5-000686,0,,2287616,2287616,0.625,0.9,True,1,686,True
INV-H5-000832,0,,3973709,3973709,0.625,0.9,True,1,832,True
INV-H5-000874,0,,2026860,2026860,0.625,0.9,True,1,874,True
INV-H5-000893,0,,2050277,2050277,0.625,0.9,True,1,893,True
INV-H5-000963,0,,2320851,2320851,0.625,0.9,True,1,963,True
INV-H5-000998,0,,3435037,3435037,0.625,0.9,True,1,998,True
INV-H5-001045,1,volume_discount_omitted,1350139,1481689,0.625,0.9,True,1,1045,True
INV-H5-000099,0,,2440671,2440671,0.628,0.909,True,1,99,True
INV-H5-000163,1,volume_discount_omitted,2631581,2638415,0.628,0.909,True,1,163,True
INV-H5-000192,0,,2729723,2729723,0.628,0.909,True,1,192,True
INV-H5-000220,1,exclusion_window_violation|cross_invoice_duplicate|premium_omitted,1460491,1458910,0.628,0.909,True,1,220,True
INV-H5-000266,0,,1350486,1350486,0.628,0.909,True,1,266,True
INV-H5-000270,0,,3541967,3541967,0.628,0.909,True,1,270,True
INV-H5-000354,0,,4271681,4271681,0.628,0.909,True,1,354,True
INV-H5-000779,0,,2261941,2261941,0.628,0.909,True,1,779,True
INV-H5-000968,1,unit_price_mismatch,2520360,2498012,0.628,0.909,True,1,968,True
INV-H5-000983,0,,3233250,3233250,0.628,0.909,True,1,983,True
INV-H5-000996,0,,1604635,1604635,0.628,0.909,True,1,996,True
INV-H5-000029,0,,3084149,3084149,0.63,0.917,True,1,29,True
INV-H5-000067,0,,1833897,1833897,0.63,0.917,True,1,67,True
INV-H5-000070,1,unit_price_mismatch,3259798,3165698,0.63,0.917,True,1,70,True
INV-H5-000106,1,volume_discount_incorrectly_applied,3884806,3869792,0.63,0.917,True,1,106,True
INV-H5-000230,0,,2166107,2166107,0.63,0.917,True,1,230,True
INV-H5-000268,0,,2965443,2965443,0.63,0.917,True,1,268,True
INV-H5-000464,1,unit_price_mismatch,2165415,2358301,0.63,0.917,True,1,464,True
INV-H5-000512,0,,2568341,2568341,0.63,0.917,True,1,512,True
INV-H5-000541,0,,1988320,1988320,0.63,0.917,True,1,541,True
INV-H5-000577,0,,3045963,3045963,0.63,0.917,True,1,577,True
INV-H5-000662,0,,2911686,2911686,0.63,0.917,True,1,662,True
INV-H5-000712,0,,2986152,2986152,0.63,0.917,True,1,712,True
INV-H5-000818,0,,3041310,3041310,0.63,0.917,True,1,818,True
INV-H5-000876,0,,1606449,1606449,0.63,0.917,True,1,876,True
INV-H5-000882,0,,3130100,3130100,0.63,0.917,True,1,882,True
INV-H5-000930,0,,2222681,2222681,0.63,0.917,True,1,930,True
INV-H5-000951,0,,1733711,1733711,0.63,0.917,True,1,951,True
INV-H5-000989,0,,2776706,2776706,0.63,0.917,True,1,989,True
INV-H5-001015,0,,2648986,2648986,0.63,0.917,True,1,1015,True
INV-H5-000024,1,unit_price_mismatch,4133155,4015825,0.633,0.923,True,1,24,True
INV-H5-000032,1,volume_discount_incorrectly_applied,3439095,3398235,0.633,0.923,True,1,32,True
INV-H5-000075,0,,3593629,3593629,0.633,0.923,True,1,75,True
INV-H5-000085,0,,4885357,4885357,0.633,0.923,True,1,85,True
INV-H5-000091,1,unit_price_mismatch|invoice_total_mismatch,2620562,2533713,0.633,0.923,True,1,91,True
INV-H5-000101,0,,2682767,2682767,0.633,0.923,True,1,101,True
INV-H5-000129,0,,2897009,2897009,0.633,0.923,True,1,129,True
INV-H5-000139,0,,2495956,2495956,0.633,0.923,True,1,139,True
INV-H5-000321,1,unit_price_mismatch,3908767,3868727,0.633,0.923,True,1,321,True
INV-H5-000411,0,,3861937,3861937,0.633,0.923,True,1,411,True
INV-H5-000496,0,,2879922,2879922,0.633,0.923,True,1,496,True
INV-H5-000545,0,,3459336,3459336,0.633,0.923,True,1,545,True
INV-H5-000819,0,,2942213,2942213,0.633,0.923,True,1,819,True
INV-H5-000849,0,,4974630,4974630,0.633,0.923,True,1,849,True
INV-H5-000854,0,,2796569,2796569,0.633,0.923,True,1,854,True
INV-H5-000868,0,,2546865,2546865,0.633,0.923,True,1,868,True
INV-H5-000898,0,,2612536,2612536,0.633,0.923,True,1,898,True
INV-H5-000923,0,,2279905,2279905,0.633,0.923,True,1,923,True
INV-H5-000934,0,,2326305,2326305,0.633,0.923,True,1,934,True
INV-H5-000972,0,,2514995,2514995,0.633,0.923,True,1,972,True
INV-H5-000215,1,wrong_unit_basis|line_total_arithmetic|contract_number_mismatch,3637056,3612056,0.635,0.929,True,1,215,True
INV-H5-000327,0,,2083022,2083022,0.635,0.929,True,1,327,True
INV-H5-000366,1,unit_price_mismatch,3247626,3151156,0.635,0.929,True,1,366,True
INV-H5-000485,0,,4221828,4221828,0.635,0.929,True,1,485,True
INV-H5-000535,0,,3226799,3226799,0.635,0.929,True,1,535,True
INV-H5-000551,1,unit_price_mismatch,3518577,3708098,0.635,0.929,True,1,551,True
INV-H5-000665,0,,2386112,2386112,0.635,0.929,True,1,665,True
INV-H5-000719,0,,3060918,3060918,0.635,0.929,True,1,719,True
INV-H5-000758,0,,3052106,3052106,0.635,0.929,True,1,758,True
INV-H5-000805,0,,1853407,1853407,0.635,0.929,True,1,805,True
INV-H5-000878,0,,3285870,3285870,0.635,0.929,True,1,878,True
INV-H5-000953,0,,3381670,3381670,0.635,0.929,True,1,953,True
INV-H5-001034,1,unit_price_mismatch,3236870,3166295,0.635,0.929,True,1,1034,True
INV-H5-001049,0,,2597006,2597006,0.635,0.929,True,1,1049,True
INV-H5-000019,0,,5587482,5587482,0.636,0.933,True,1,19,True
INV-H5-000082,0,,1637440,1637440,0.636,0.933,True,1,82,True
INV-H5-000172,0,,2060957,2060957,0.636,0.933,True,1,172,True
INV-H5-000204,0,,2237067,2237067,0.636,0.933,True,1,204,True
INV-H5-000264,0,,3724362,3724362,0.636,0.933,True,1,264,True
INV-H5-000417,0,,3478865,3478865,0.636,0.933,True,1,417,True
INV-H5-000453,0,,3086762,3086762,0.636,0.933,True,1,453,True
INV-H5-000624,1,unit_price_mismatch,5652373,5528868,0.636,0.933,True,1,624,True
INV-H5-000744,0,,1888052,1888052,0.636,0.933,True,1,744,True
INV-H5-000763,0,,4350122,4350122,0.636,0.933,True,1,763,True
INV-H5-000782,0,,4194409,4194409,0.636,0.933,True,1,782,True
INV-H5-000788,0,,4814493,4814493,0.636,0.933,True,1,788,True
INV-H5-000793,0,,4412134,4412134,0.636,0.933,True,1,793,True
INV-H5-000802,0,,3372021,3372021,0.636,0.933,True,1,802,True
INV-H5-000804,0,,3333692,3333692,0.636,0.933,True,1,804,True
INV-H5-000909,0,,5441512,5441512,0.636,0.933,True,1,909,True
INV-H5-000050,0,,5649146,5649146,0.638,0.938,True,1,50,True
INV-H5-000068,0,,3548528,3548528,0.638,0.938,True,1,68,True
INV-H5-000108,0,,3979059,3979059,0.638,0.938,True,1,108,True
INV-H5-000130,1,unit_price_mismatch,3989194,3938158,0.638,0.938,True,1,130,True
INV-H5-000177,0,,2431314,2431314,0.638,0.938,True,1,177,True
INV-H5-000198,0,,3668272,3668272,0.638,0.938,True,1,198,True
INV-H5-000247,0,,3428439,3428439,0.638,0.938,True,1,247,True
INV-H5-000261,0,,3350268,3350268,0.638,0.938,True,1,261,True
INV-H5-000358,1,unit_price_mismatch|service_date_after_invoice_date|service_date_out_of_window,4868748,4844844,0.638,0.938,True,1,358,True
INV-H5-000369,0,,2498398,2498398,0.638,0.938,True,1,369,True
INV-H5-000495,0,,3117493,3117493,0.638,0.938,True,1,495,True
INV-H5-000621,1,unit_price_mismatch,5673732,5603334,0.638,0.938,True,1,621,True
INV-H5-000627,0,,3647968,3647968,0.638,0.938,True,1,627,True
INV-H5-000640,0,,4143273,4143273,0.638,0.938,True,1,640,True
INV-H5-000684,0,,4175495,4175495,0.638,0.938,True,1,684,True
INV-H5-000731,1,unit_price_mismatch,4740558,4644014,0.638,0.938,True,1,731,True
INV-H5-000772,0,,2791902,2791902,0.638,0.938,True,1,772,True
INV-H5-000845,0,,3740476,3740476,0.638,0.938,True,1,845,True
INV-H5-000867,0,,3661673,3661673,0.638,0.938,True,1,867,True
INV-H5-000942,0,,5374484,5374484,0.638,0.938,True,1,942,True
INV-H5-000985,0,,2148190,2148190,0.638,0.938,True,1,985,True
INV-H5-001042,0,,3501437,3501437,0.638,0.938,True,1,1042,True
INV-H5-000100,0,,3030550,3030550,0.639,0.941,True,1,100,True
INV-H5-000117,1,unknown_service|malformed_service_date|volume_discount_incorrectly_applied,4017288,3951859,0.639,0.941,True,1,117,True
INV-H5-000196,0,,4867719,4867719,0.639,0.941,True,1,196,True
INV-H5-000295,0,,3107443,3107443,0.639,0.941,True,1,295,True
INV-H5-000303,0,,2917273,2917273,0.639,0.941,True,1,303,True
INV-H5-000319,0,,4256100,4256100,0.639,0.941,True,1,319,True
INV-H5-000348,0,,5280703,5280703,0.639,0.941,True,1,348,True
INV-H5-000397,0,,3038410,3038410,0.639,0.941,True,1,397,True
INV-H5-000561,0,,3029462,3029462,0.639,0.941,True,1,561,True
INV-H5-000574,1,wrong_unit_basis|service_date_out_of_window,5517874,5517874,0.639,0.941,True,1,574,True
INV-H5-000597,0,,5375354,5375354,0.639,0.941,True,1,597,True
INV-H5-000766,0,,3236206,3236206,0.639,0.941,True,1,766,True
INV-H5-000809,0,,3709085,3709085,0.639,0.941,True,1,809,True
INV-H5-000823,0,,4178286,4178286,0.639,0.941,True,1,823,True
INV-H5-000885,0,,3052669,3052669,0.639,0.941,True,1,885,True
INV-H5-000955,0,,2933020,2933020,0.639,0.941,True,1,955,True
INV-H5-000978,0,,3182051,3182051,0.639,0.941,True,1,978,True
INV-H5-000038,0,,4032028,4032028,0.64,0.944,True,1,38,True
INV-H5-000131,1,unit_price_mismatch,2407889,2360933,0.64,0.944,True,1,131,True
INV-H5-000186,1,unit_price_mismatch,4918740,4871808,0.64,0.944,True,1,186,True
INV-H5-000201,0,,1948379,1948379,0.64,0.944,True,1,201,True
INV-H5-000237,0,,4095315,4095315,0.64,0.944,True,1,237,True
INV-H5-000252,0,,3096373,3096373,0.64,0.944,True,1,252,True
INV-H5-000255,0,,3813029,3813029,0.64,0.944,True,1,255,True
INV-H5-000324,1,unit_price_mismatch,4030271,3902891,0.64,0.944,True,1,324,True
INV-H5-000379,1,unit_price_mismatch,4063888,4033858,0.64,0.944,True,1,379,True
INV-H5-000384,0,,2137955,2137955,0.64,0.944,True,1,384,True
INV-H5-000454,0,,2336688,2336688,0.64,0.944,True,1,454,True
INV-H5-000486,0,,6022833,6022833,0.64,0.944,True,1,486,True
INV-H5-000516,0,,4353279,4353279,0.64,0.944,True,1,516,True
INV-H5-000525,0,,2862739,2862739,0.64,0.944,True,1,525,True
INV-H5-000584,0,,3776180,3776180,0.64,0.944,True,1,584,True
INV-H5-000661,0,,4567534,4567534,0.64,0.944,True,1,661,True
INV-H5-000768,1,unit_price_mismatch,4845990,4798940,0.64,0.944,True,1,768,True
INV-H5-000831,0,,6376818,6376818,0.64,0.944,True,1,831,True
INV-H5-000933,0,,3206745,3206745,0.64,0.944,True,1,933,True
INV-H5-000944,0,,3745500,3745500,0.64,0.944,True,1,944,True
INV-H5-001002,0,,4031897,4031897,0.64,0.944,True,1,1002,True
INV-H5-000002,0,,4279378,4279378,0.641,0.947,True,1,2,True
INV-H5-000093,0,,5022395,5022395,0.641,0.947,True,1,93,True
INV-H5-000165,0,,5201663,5201663,0.641,0.947,True,1,165,True
INV-H5-000254,1,unit_price_mismatch,5896220,5769185,0.641,0.947,True,1,254,True
INV-H5-000296,0,,4052077,4052077,0.641,0.947,True,1,296,True
INV-H5-000388,1,unit_price_mismatch|malformed_service_date|service_date_after_invoice_date,3880992,3876375,0.641,0.947,True,1,388,True
INV-H5-000430,0,,2468285,2468285,0.641,0.947,True,1,430,True
INV-H5-000479,0,,4005762,4005762,0.641,0.947,True,1,479,True
INV-H5-000510,0,,3551089,3551089,0.641,0.947,True,1,510,True
INV-H5-000531,0,,4205716,4205716,0.641,0.947,True,1,531,True
INV-H5-000559,0,,3932186,3932186,0.641,0.947,True,1,559,True
INV-H5-000599,0,,4710156,4710156,0.641,0.947,True,1,599,True
INV-H5-000620,0,,6847291,6847291,0.641,0.947,True,1,620,True
INV-H5-000623,1,unit_price_mismatch,3845622,3728292,0.641,0.947,True,1,623,True
INV-H5-000669,0,,2121061,2121061,0.641,0.947,True,1,669,True
INV-H5-000677,0,,4755445,4755445,0.641,0.947,True,1,677,True
INV-H5-000733,0,,2697217,2697217,0.641,0.947,True,1,733,True
INV-H5-000787,1,unknown_service,4057705,4057705,0.641,0.947,True,1,787,True
INV-H5-000857,1,unit_price_mismatch,5858780,5738100,0.641,0.947,True,1,857,True
INV-H5-000859,0,,5704610,5704610,0.641,0.947,True,1,859,True
INV-H5-000891,0,,5669568,5669568,0.641,0.947,True,1,891,True
INV-H5-000916,0,,5418244,5418244,0.641,0.947,True,1,916,True
INV-H5-001038,0,,5420922,5420922,0.641,0.947,True,1,1038,True
INV-H5-000156,1,volume_discount_incorrectly_applied,5257175,5230865,0.642,0.95,True,1,156,True
INV-H5-000248,0,,5428929,5428929,0.642,0.95,True,1,248,True
INV-H5-000322,0,,5509273,5509273,0.642,0.95,True,1,322,True
INV-H5-000356,1,unit_price_mismatch,4755806,4729496,0.642,0.95,True,1,356,True
INV-H5-000371,0,,3784173,3784173,0.642,0.95,True,1,371,True
INV-H5-000429,1,malformed_service_date|bundle_not_applied,3112098,3144051,0.642,0.95,True,1,429,True
INV-H5-000448,1,unit_price_mismatch,4381255,4382042,0.642,0.95,True,1,448,True
INV-H5-000483,0,,4173702,4173702,0.642,0.95,True,1,483,True
INV-H5-000492,1,unit_price_mismatch|service_date_after_invoice_date,4254457,4256473,0.642,0.95,True,1,492,True
INV-H5-000534,0,,5819338,5819338,0.642,0.95,True,1,534,True
INV-H5-000547,0,,3531198,3531198,0.642,0.95,True,1,547,True
INV-H5-000570,0,,3899232,3899232,0.642,0.95,True,1,570,True
INV-H5-000635,0,,4600721,4600721,0.642,0.95,True,1,635,True
INV-H5-000660,0,,4607479,4607479,0.642,0.95,True,1,660,True
INV-H5-000742,0,,3877200,3877200,0.642,0.95,True,1,742,True
INV-H5-000753,0,,5223986,5223986,0.642,0.95,True,1,753,True
INV-H5-000756,0,,3690315,3690315,0.642,0.95,True,1,756,True
INV-H5-000757,0,,3684465,3684465,0.642,0.95,True,1,757,True
INV-H5-000771,0,,4783261,4783261,0.642,0.95,True,1,771,True
INV-H5-000795,0,,4861790,4861790,0.642,0.95,True,1,795,True
INV-H5-000820,0,,5225499,5225499,0.642,0.95,True,1,820,True
INV-H5-000839,0,,5260553,5260553,0.642,0.95,True,1,839,True
INV-H5-000861,0,,2993863,2993863,0.642,0.95,True,1,861,True
INV-H5-000947,0,,4197747,4197747,0.642,0.95,True,1,947,True
INV-H5-001007,0,,7584289,7584289,0.642,0.95,True,1,1007,True
INV-H5-001013,0,,3381343,3381343,0.642,0.95,True,1,1013,True
INV-H5-001022,0,,4492340,4492340,0.642,0.95,True,1,1022,True
INV-H5-000539,1,wrong_unit_basis|cross_invoice_duplicate|premium_omitted,5215971,5191731,0.643,0.952,True,1,539,True
INV-H5-000074,1,duplicate_invoice_id|contract_number_mismatch|service_date_out_of_window,3046447,3046447,0.679,1.0,True,2,829,True
INV-H5-000260,1,duplicate_invoice_id|contract_number_mismatch,3972024,3972024,0.679,1.0,True,2,908,True
INV-H5-000311,1,duplicate_invoice_id|service_date_out_of_window|cross_invoice_duplicate,3119824,3119824,0.679,1.0,True,2,363,True
INV-H5-000375,1,wrong_unit_basis|unit_price_mismatch|duplicate_invoice_id,2692253,2696113,0.679,1.0,True,2,650,True
INV-H5-000170,1,bundle_not_applied|duplicate_invoice_id|cross_invoice_duplicate,2423833,2575249,0.76,1.0,True,2,263,True
INV-H5-000799,1,wrong_unit_basis|service_date_after_invoice_date|contract_number_mismatch|service_date_out_of_window,2145842,2145842,0.779,1.0,True,1,799,True
INV-H5-000041,0,,2994005,2994005,0.787,1.0,True,1,41,True
INV-H5-000053,0,,3546215,3546215,0.787,1.0,True,1,53,True
INV-H5-000166,0,,2295203,2295203,0.787,1.0,True,1,166,True
INV-H5-000246,0,,3442900,3442900,0.787,1.0,True,1,246,True
INV-H5-000274,0,,2399839,2399839,0.787,1.0,True,1,274,True
INV-H5-000342,0,,2884665,2884665,0.787,1.0,True,1,342,True
INV-H5-000346,0,,2052053,2052053,0.787,1.0,True,1,346,True
INV-H5-000398,0,,3650033,3650033,0.787,1.0,True,1,398,True
INV-H5-000437,1,unit_price_mismatch,2203207,2193462,0.787,1.0,True,1,437,True
INV-H5-000462,0,,4367829,4367829,0.787,1.0,True,1,462,True
INV-H5-000504,0,,2419719,2419719,0.787,1.0,True,1,504,True
INV-H5-000682,0,,4382733,4382733,0.787,1.0,True,1,682,True
INV-H5-000700,0,,3707563,3707563,0.787,1.0,True,1,700,True
INV-H5-000760,0,,1618163,1618163,0.787,1.0,True,1,760,True
INV-H5-000764,0,,3203151,3203151,0.787,1.0,True,1,764,True
INV-H5-000815,0,,3112760,3112760,0.787,1.0,True,1,815,True
INV-H5-000986,0,,2455807,2455807,0.787,1.0,True,1,986,True
INV-H5-000058,0,,1704563,1704563,0.8,1.0,True,1,58,True
INV-H5-000061,0,,1191268,1191268,0.8,1.0,True,1,61,True
INV-H5-000184,0,,5973165,5973165,0.8,1.0,True,1,184,True
INV-H5-000236,1,unit_price_mismatch,6667569,6611716,0.8,1.0,True,1,236,True
INV-H5-000240,0,,2668238,2668238,0.8,1.0,True,1,240,True
INV-H5-000242,0,,2273469,2273469,0.8,1.0,True,1,242,True
INV-H5-000259,0,,1748709,1748709,0.8,1.0,True,1,259,True
INV-H5-000334,0,,875016,875016,0.8,1.0,True,1,334,True
INV-H5-000578,0,,3099289,3099289,0.8,1.0,True,1,578,True
INV-H5-000598,0,,2297893,2297893,0.8,1.0,True,1,598,True
INV-H5-000607,0,,4751967,4751967,0.8,1.0,True,1,607,True
INV-H5-000672,0,,1374286,1374286,0.8,1.0,True,1,672,True
INV-H5-000724,0,,2813464,2813464,0.8,1.0,True,1,724,True
INV-H5-000770,0,,1340803,1340803,0.8,1.0,True,1,770,True
INV-H5-000830,0,,4093137,4093137,0.8,1.0,True,1,830,True
INV-H5-000847,0,,2939617,2939617,0.8,1.0,True,1,847,True
INV-H5-000858,0,,1688007,1688007,0.8,1.0,True,1,858,True
INV-H5-000892,0,,3673701,3673701,0.8,1.0,True,1,892,True
INV-H5-000932,0,,1355311,1355311,0.8,1.0,True,1,932,True
INV-H5-001027,0,,3103378,3103378,0.8,1.0,True,1,1027,True
INV-H5-001044,0,,611603,611603,0.8,1.0,True,1,1044,True
INV-H5-000033,0,,1848070,1848070,0.803,1.0,True,1,33,True
INV-H5-000164,1,daily_cap_exceeded,5782441,5782441,0.803,1.0,True,1,164,True
INV-H5-000195,0,,3622857,3622857,0.803,1.0,True,1,195,True
INV-H5-000218,0,,2324118,2324118,0.803,1.0,True,1,218,True
INV-H5-000299,0,,3298925,3298925,0.803,1.0,True,1,299,True
INV-H5-000305,0,,1581412,1581412,0.803,1.0,True,1,305,True
INV-H5-000314,0,,2037793,2037793,0.803,1.0,True,1,314,True
INV-H5-000320,0,,3560326,3560326,0.803,1.0,True,1,320,True
INV-H5-000367,0,,2892582,2892582,0.803,1.0,True,1,367,True
INV-H5-000424,0,,3923083,3923083,0.803,1.0,True,1,424,True
INV-H5-000435,0,,3182849,3182849,0.803,1.0,True,1,435,True
INV-H5-000451,0,,4866518,4866518,0.803,1.0,True,1,451,True
INV-H5-000488,0,,1455221,1455221,0.803,1.0,True,1,488,True
INV-H5-000521,0,,4705100,4705100,0.803,1.0,True,1,521,True
INV-H5-000528,0,,2608040,2608040,0.803,1.0,True,1,528,True
INV-H5-000537,0,,1674454,1674454,0.803,1.0,True,1,537,True
INV-H5-000673,0,,4505316,4505316,0.803,1.0,True,1,673,True
INV-H5-000675,0,,3275579,3275579,0.803,1.0,True,1,675,True
INV-H5-000685,0,,2793436,2793436,0.803,1.0,True,1,685,True
INV-H5-000697,0,,3326538,3326538,0.803,1.0,True,1,697,True
INV-H5-000718,0,,2555240,2555240,0.803,1.0,True,1,718,True
INV-H5-000824,0,,1147453,1147453,0.803,1.0,True,1,824,True
INV-H5-000826,0,,4191918,4191918,0.803,1.0,True,1,826,True
INV-H5-000952,0,,2478862,2478862,0.803,1.0,True,1,952,True
INV-H5-000956,0,,1224306,1224306,0.803,1.0,True,1,956,True
INV-H5-001040,0,,830679,830679,0.803,1.0,True,1,1040,True
INV-H5-001056,0,,1798050,1798050,0.803,1.0,True,1,1056,True
INV-H5-000010,0,,2530893,2530893,0.808,1.0,True,1,10,True
INV-H5-000116,1,volume_discount_incorrectly_applied,5079257,5060906,0.808,1.0,True,1,116,True
INV-H5-000146,0,,2603965,2603965,0.808,1.0,True,1,146,True
INV-H5-000364,0,,5003739,5003739,0.808,1.0,True,1,364,True
INV-H5-000427,0,,4185106,4185106,0.808,1.0,True,1,427,True
INV-H5-000548,0,,3456905,3456905,0.808,1.0,True,1,548,True
INV-H5-000560,0,,723751,723751,0.808,1.0,True,1,560,True
INV-H5-000615,1,unit_price_mismatch,1674751,1726957,0.808,1.0,True,1,615,True
INV-H5-000667,0,,2287939,2287939,0.808,1.0,True,1,667,True
INV-H5-000694,0,,5118910,5118910,0.808,1.0,True,1,694,True
INV-H5-000710,0,,1388508,1388508,0.808,1.0,True,1,710,True
INV-H5-000783,0,,2487159,2487159,0.808,1.0,True,1,783,True
INV-H5-000800,0,,2358586,2358586,0.808,1.0,True,1,800,True
INV-H5-000843,1,unit_price_mismatch,3058433,2994881,0.808,1.0,True,1,843,True
INV-H5-000009,0,,4782919,4782919,0.812,1.0,True,1,9,True
INV-H5-000025,0,,501836,501836,0.812,1.0,True,1,25,True
INV-H5-000045,0,,3095919,3095919,0.812,1.0,True,1,45,True
INV-H5-000065,0,,2588563,2588563,0.812,1.0,True,1,65,True
INV-H5-000080,0,,2025048,2025048,0.812,1.0,True,1,80,True
INV-H5-000081,0,,1084993,1084993,0.812,1.0,True,1,81,True
INV-H5-000098,0,,4627024,4627024,0.812,1.0,True,1,98,True
INV-H5-000105,0,,2749081,2749081,0.812,1.0,True,1,105,True
INV-H5-000110,0,,2692178,2692178,0.812,1.0,True,1,110,True
INV-H5-000143,1,volume_discount_incorrectly_applied,5945009,5853254,0.812,1.0,True,1,143,True
INV-H5-000150,1,volume_discount_incorrectly_applied,5266248,5213628,0.812,1.0,True,1,150,True
INV-H5-000169,0,,1528372,1528372,0.812,1.0,True,1,169,True
INV-H5-000178,0,,1341779,1341779,0.812,1.0,True,1,178,True
INV-H5-000202,0,,1559673,1559673,0.812,1.0,True,1,202,True
INV-H5-000213,0,,2219209,2219209,0.812,1.0,True,1,213,True
INV-H5-000228,0,,1674950,1674950,0.812,1.0,True,1,228,True
INV-H5-000249,0,,5021850,5021850,0.812,1.0,True,1,249,True
INV-H5-000257,0,,1942973,1942973,0.812,1.0,True,1,257,True
INV-H5-000267,0,,1369334,1369334,0.812,1.0,True,1,267,True
INV-H5-000275,0,,1848095,1848095,0.812,1.0,True,1,275,True
INV-H5-000301,0,,3475129,3475129,0.812,1.0,True,1,301,True
INV-H5-000316,0,,6024728,6024728,0.812,1.0,True,1,316,True
INV-H5-000335,1,unit_price_mismatch,3672140,3652120,0.812,1.0,True,1,335,True
INV-H5-000361,0,,2865698,2865698,0.812,1.0,True,1,361,True
INV-H5-000374,1,service_date_out_of_window|volume_discount_omitted,1736363,1758016,0.812,1.0,True,1,374,True
INV-H5-000408,0,,1706598,1706598,0.812,1.0,True,1,408,True
INV-H5-000419,1,unit_price_mismatch,5464082,5451849,0.812,1.0,True,1,419,True
INV-H5-000423,0,,2376651,2376651,0.812,1.0,True,1,423,True
INV-H5-000457,1,unit_price_mismatch,4047729,4014363,0.812,1.0,True,1,457,True
INV-H5-000481,0,,3633873,3633873,0.812,1.0,True,1,481,True
INV-H5-000522,0,,2187399,2187399,0.812,1.0,True,1,522,True
INV-H5-000550,0,,5031102,5031102,0.812,1.0,True,1,550,True
INV-H5-000563,0,,2658546,2658546,0.812,1.0,True,1,563,True
INV-H5-000587,0,,3647489,3647489,0.812,1.0,True,1,587,True
INV-H5-000631,0,,1544323,1544323,0.812,1.0,True,1,631,True
INV-H5-000642,0,,2686021,2686021,0.812,1.0,True,1,642,True
INV-H5-000651,0,,1122221,1122221,0.812,1.0,True,1,651,True
INV-H5-000653,0,,2987599,2987599,0.812,1.0,True,1,653,True
INV-H5-000703,0,,3173652,3173652,0.812,1.0,True,1,703,True
INV-H5-000715,0,,7252548,7252548,0.812,1.0,True,1,715,True
INV-H5-000726,1,daily_cap_exceeded,4333302,4333302,0.812,1.0,True,1,726,True
INV-H5-000736,0,,2427234,2427234,0.812,1.0,True,1,736,True
INV-H5-000755,0,,4521391,4521391,0.812,1.0,True,1,755,True
INV-H5-000759,1,unit_price_mismatch|premium_incorrectly_applied|cross_invoice_duplicate,4122898,4212186,0.812,1.0,True,1,759,True
INV-H5-000775,0,,1705032,1705032,0.812,1.0,True,1,775,True
INV-H5-000833,0,,6386571,6386571,0.812,1.0,True,1,833,True
INV-H5-000842,0,,1031218,1031218,0.812,1.0,True,1,842,True
INV-H5-000851,0,,2532921,2532921,0.812,1.0,True,1,851,True
INV-H5-000910,0,,4163409,4163409,0.812,1.0,True,1,910,True
INV-H5-000918,0,,4114271,4114271,0.812,1.0,True,1,918,True
INV-H5-000929,0,,1644078,1644078,0.812,1.0,True,1,929,True
INV-H5-000936,0,,1313868,1313868,0.812,1.0,True,1,936,True
INV-H5-000954,0,,2998126,2998126,0.812,1.0,True,1,954,True
INV-H5-000960,0,,5232678,5232678,0.812,1.0,True,1,960,True
INV-H5-000964,1,unit_price_mismatch,2234553,2256912,0.812,1.0,True,1,964,True
INV-H5-000971,0,,2484210,2484210,0.812,1.0,True,1,971,True
INV-H5-000975,0,,3391520,3391520,0.812,1.0,True,1,975,True
INV-H5-000982,0,,5824479,5824479,0.812,1.0,True,1,982,True
INV-H5-000987,0,,1939527,1939527,0.812,1.0,True,1,987,True
INV-H5-001036,0,,1255670,1255670,0.812,1.0,True,1,1036,True
INV-H5-000007,0,,5985654,5985654,0.819,1.0,True,1,7,True
INV-H5-000140,0,,3331663,3331663,0.819,1.0,True,1,140,True
INV-H5-000173,0,,4368712,4368712,0.819,1.0,True,1,173,True
INV-H5-000179,0,,2959931,2959931,0.819,1.0,True,1,179,True
INV-H5-000187,0,,1696206,1696206,0.819,1.0,True,1,187,True
INV-H5-000235,0,,2739452,2739452,0.819,1.0,True,1,235,True
INV-H5-000245,0,,1891041,1891041,0.819,1.0,True,1,245,True
INV-H5-000282,0,,1528923,1528923,0.819,1.0,True,1,282,True
INV-H5-000400,0,,2192481,2192481,0.819,1.0,True,1,400,True
INV-H5-000469,1,unit_price_mismatch,3451337,3440745,0.819,1.0,True,1,469,True
INV-H5-000480,1,unit_price_mismatch,3616997,3566947,0.819,1.0,True,1,480,True
INV-H5-000494,0,,3074023,3074023,0.819,1.0,True,1,494,True
INV-H5-000533,0,,1538575,1538575,0.819,1.0,True,1,533,True
INV-H5-000590,0,,2502225,2502225,0.819,1.0,True,1,590,True
INV-H5-000591,0,,1780442,1780442,0.819,1.0,True,1,591,True
INV-H5-000625,0,,2278445,2278445,0.819,1.0,True,1,625,True
INV-H5-000748,0,,1784699,1784699,0.819,1.0,True,1,748,True
INV-H5-000767,0,,2849557,2849557,0.819,1.0,True,1,767,True
INV-H5-000821,0,,4293734,4293734,0.819,1.0,True,1,821,True
INV-H5-000965,0,,5158385,5158385,0.819,1.0,True,1,965,True
INV-H5-001001,0,,741312,741312,0.819,1.0,True,1,1001,True
INV-H5-001005,0,,2318348,2318348,0.819,1.0,True,1,1005,True
INV-H5-001043,0,,4740753,4740753,0.819,1.0,True,1,1043,True
INV-H5-000751,1,malformed_service_date|daily_cap_exceeded,2434281,2434281,0.82,1.0,True,1,751,True
INV-H5-000069,0,,2943997,2943997,0.824,1.0,True,1,69,True
INV-H5-000347,0,,4171139,4171139,0.824,1.0,True,1,347,True
INV-H5-000378,0,,1324122,1324122,0.824,1.0,True,1,378,True
INV-H5-000443,0,,3416774,3416774,0.824,1.0,True,1,443,True
INV-H5-000470,0,,2367351,2367351,0.824,1.0,True,1,470,True
INV-H5-000571,0,,906632,906632,0.824,1.0,True,1,571,True
INV-H5-000663,0,,3452561,3452561,0.824,1.0,True,1,663,True
INV-H5-000887,0,,981226,981226,0.824,1.0,True,1,887,True
INV-H5-000914,0,,1995034,1995034,0.824,1.0,True,1,914,True
INV-H5-000040,0,,4637007,4637007,0.827,1.0,True,1,40,True
INV-H5-000095,0,,1254832,1254832,0.827,1.0,True,1,95,True
INV-H5-000148,0,,3708048,3708048,0.827,1.0,True,1,148,True
INV-H5-000190,1,invoice_total_mismatch|malformed_service_date|daily_cap_exceeded,3619469,3594469,0.827,1.0,True,1,190,True
INV-H5-000227,0,,2996772,2996772,0.827,1.0,True,1,227,True
INV-H5-000308,0,,907155,907155,0.827,1.0,True,1,308,True
INV-H5-000313,0,,3839281,3839281,0.827,1.0,True,1,313,True
INV-H5-000422,0,,1818018,1818018,0.827,1.0,True,1,422,True
INV-H5-000425,0,,2590621,2590621,0.827,1.0,True,1,425,True
INV-H5-000472,0,,3238780,3238780,0.827,1.0,True,1,472,True
INV-H5-000500,0,,2632901,2632901,0.827,1.0,True,1,500,True
INV-H5-000558,0,,869563,869563,0.827,1.0,True,1,558,True
INV-H5-000601,0,,979801,979801,0.827,1.0,True,1,601,True
INV-H5-000609,0,,2362109,2362109,0.827,1.0,True,1,609,True
INV-H5-000656,0,,4704119,4704119,0.827,1.0,True,1,656,True
INV-H5-000676,0,,5671487,5671487,0.827,1.0,True,1,676,True
INV-H5-000692,0,,739924,739924,0.827,1.0,True,1,692,True
INV-H5-000696,0,,443289,443289,0.827,1.0,True,1,696,True
INV-H5-000709,0,,4153935,4153935,0.827,1.0,True,1,709,True
INV-H5-000730,0,,3975905,3975905,0.827,1.0,True,1,730,True
INV-H5-000738,0,,4643585,4643585,0.827,1.0,True,1,738,True
INV-H5-000762,0,,3265070,3265070,0.827,1.0,True,1,762,True
INV-H5-000778,0,,3267335,3267335,0.827,1.0,True,1,778,True
INV-H5-000796,0,,1614519,1614519,0.827,1.0,True,1,796,True
INV-H5-000835,0,,4006959,4006959,0.827,1.0,True,1,835,True
INV-H5-000837,0,,2314751,2314751,0.827,1.0,True,1,837,True
INV-H5-000840,0,,1959097,1959097,0.827,1.0,True,1,840,True
INV-H5-000852,0,,6191609,6191609,0.827,1.0,True,1,852,True
INV-H5-000962,0,,2428061,2428061,0.827,1.0,True,1,962,True
INV-H5-001003,0,,2226123,2226123,0.827,1.0,True,1,1003,True
INV-H5-001006,0,,510527,510527,0.827,1.0,True,1,1006,True
INV-H5-001033,0,,1825159,1825159,0.827,1.0,True,1,1033,True
INV-H5-001054,0,,2094051,2094051,0.827,1.0,True,1,1054,True
INV-H5-000049,0,,2676455,2676455,0.831,1.0,True,1,49,True
INV-H5-000159,1,volume_discount_incorrectly_applied,5888248,5851546,0.831,1.0,True,1,159,True
INV-H5-000238,0,,3804326,3804326,0.831,1.0,True,1,238,True
INV-H5-000343,1,unit_price_mismatch|service_date_after_invoice_date|exclusion_window_violation,4082500,4063434,0.831,1.0,True,1,343,True
INV-H5-000349,0,,4511786,4511786,0.831,1.0,True,1,349,True
INV-H5-000373,0,,3442762,3442762,0.831,1.0,True,1,373,True
INV-H5-000390,0,,1587465,1587465,0.831,1.0,True,1,390,True
INV-H5-000409,0,,3260932,3260932,0.831,1.0,True,1,409,True
INV-H5-000426,1,unit_price_mismatch,1200637,1148017,0.831,1.0,True,1,426,True
INV-H5-000436,0,,3124293,3124293,0.831,1.0,True,1,436,True
INV-H5-000474,0,,2909191,2909191,0.831,1.0,True,1,474,True
INV-H5-000487,1,unit_price_mismatch,3444860,3433738,0.831,1.0,True,1,487,True
INV-H5-000739,0,,2200716,2200716,0.831,1.0,True,1,739,True
INV-H5-000773,0,,1366953,1366953,0.831,1.0,True,1,773,True
INV-H5-000780,0,,4160331,4160331,0.831,1.0,True,1,780,True
INV-H5-000786,0,,3887015,3887015,0.831,1.0,True,1,786,True
INV-H5-000798,0,,5387029,5387029,0.831,1.0,True,1,798,True
INV-H5-000890,0,,2905929,2905929,0.831,1.0,True,1,890,True
INV-H5-000917,0,,8897803,8897803,0.831,1.0,True,1,917,True
INV-H5-000920,0,,4068735,4068735,0.831,1.0,True,1,920,True
INV-H5-000958,0,,3426845,3426845,0.831,1.0,True,1,958,True
INV-H5-000970,0,,1259941,1259941,0.831,1.0,True,1,970,True
INV-H5-001037,0,,740235,740235,0.831,1.0,True,1,1037,True
INV-H5-000014,0,,1013030,1013030,0.835,1.0,True,1,14,True
INV-H5-000086,0,,6564875,6564875,0.835,1.0,True,1,86,True
INV-H5-000111,0,,1925725,1925725,0.835,1.0,True,1,111,True
INV-H5-000118,0,,2388510,2388510,0.835,1.0,True,1,118,True
INV-H5-000142,0,,1393263,1393263,0.835,1.0,True,1,142,True
INV-H5-000147,1,line_total_arithmetic|contract_number_mismatch|volume_discount_omitted,1011781,1032581,0.835,1.0,True,1,147,True
INV-H5-000153,0,,1299283,1299283,0.835,1.0,True,1,153,True
INV-H5-000233,0,,2668108,2668108,0.835,1.0,True,1,233,True
INV-H5-000239,0,,1978606,1978606,0.835,1.0,True,1,239,True
INV-H5-000300,0,,2088249,2088249,0.835,1.0,True,1,300,True
INV-H5-000309,0,,1074118,1074118,0.835,1.0,True,1,309,True
INV-H5-000332,0,,2932419,2932419,0.835,1.0,True,1,332,True
INV-H5-000352,1,unit_price_mismatch,1206396,1195677,0.835,1.0,True,1,352,True
INV-H5-000431,0,,1847740,1847740,0.835,1.0,True,1,431,True
INV-H5-000445,0,,3186395,3186395,0.835,1.0,True,1,445,True
INV-H5-000473,0,,1685668,1685668,0.835,1.0,True,1,473,True
INV-H5-000477,0,,2007448,2007448,0.835,1.0,True,1,477,True
INV-H5-000674,0,,4042207,4042207,0.835,1.0,True,1,674,True
INV-H5-000708,0,,2051938,2051938,0.835,1.0,True,1,708,True
INV-H5-000717,0,,6000607,6000607,0.835,1.0,True,1,717,True
INV-H5-000721,0,,4148962,4148962,0.835,1.0,True,1,721,True
INV-H5-000865,0,,2002670,2002670,0.835,1.0,True,1,865,True
INV-H5-000904,0,,3407777,3407777,0.835,1.0,True,1,904,True
INV-H5-000924,0,,1196647,1196647,0.835,1.0,True,1,924,True
INV-H5-001057,0,,4669721,4669721,0.835,1.0,True,1,1057,True
INV-H5-000212,0,,1700233,1700233,0.84,1.0,True,1,212,True
INV-H5-000345,1,unit_price_mismatch,4172487,4151303,0.84,1.0,True,1,345,True
INV-H5-000394,0,,3998209,3998209,0.84,1.0,True,1,394,True
INV-H5-000638,0,,780437,780437,0.84,1.0,True,1,638,True
INV-H5-000688,0,,2362572,2362572,0.84,1.0,True,1,688,True
INV-H5-000897,1,wrong_unit_basis|unit_price_mismatch|bundle_not_applied,3774720,4233827,0.84,1.0,True,1,897,True
INV-H5-000015,1,volume_discount_incorrectly_applied|premium_omitted,3886032,3733765,0.843,1.0,True,1,15,True
INV-H5-000018,0,,2415728,2415728,0.843,1.0,True,1,18,True
INV-H5-000027,0,,1617459,1617459,0.843,1.0,True,1,27,True
INV-H5-000043,0,,884375,884375,0.843,1.0,True,1,43,True
INV-H5-000044,0,,3888004,3888004,0.843,1.0,True,1,44,True
INV-H5-000107,0,,6115057,6115057,0.843,1.0,True,1,107,True
INV-H5-000115,0,,1825298,1825298,0.843,1.0,True,1,115,True
INV-H5-000121,1,unit_price_mismatch,1301681,1266541,0.843,1.0,True,1,121,True
INV-H5-000125,0,,2107475,2107475,0.843,1.0,True,1,125,True
INV-H5-000133,0,,3166443,3166443,0.843,1.0,True,1,133,True
INV-H5-000144,0,,1840587,1840587,0.843,1.0,True,1,144,True
INV-H5-000217,0,,2739145,2739145,0.843,1.0,True,1,217,True
INV-H5-000219,0,,2291335,2291335,0.843,1.0,True,1,219,True
INV-H5-000241,0,,791180,791180,0.843,1.0,True,1,241,True
INV-H5-000250,0,,1189113,1189113,0.843,1.0,True,1,250,True
INV-H5-000251,0,,2064773,2064773,0.843,1.0,True,1,251,True
INV-H5-000279,0,,2927000,2927000,0.843,1.0,True,1,279,True
INV-H5-000291,0,,2059007,2059007,0.843,1.0,True,1,291,True
INV-H5-000404,1,premium_incorrectly_applied|service_date_after_invoice_date,3063222,3083025,0.843,1.0,True,1,404,True
INV-H5-000446,1,unit_price_mismatch,3740901,3707535,0.843,1.0,True,1,446,True
INV-H5-000447,1,unit_price_mismatch,2703365,2680063,0.843,1.0,True,1,447,True
INV-H5-000450,0,,3034681,3034681,0.843,1.0,True,1,450,True
INV-H5-000460,0,,2922530,2922530,0.843,1.0,True,1,460,True
INV-H5-000465,0,,1735876,1735876,0.843,1.0,True,1,465,True
INV-H5-000471,0,,2992013,2992013,0.843,1.0,True,1,471,True
INV-H5-000536,0,,2500535,2500535,0.843,1.0,True,1,536,True
INV-H5-000542,0,,1712943,1712943,0.843,1.0,True,1,542,True
INV-H5-000544,0,,2022208,2022208,0.843,1.0,True,1,544,True
INV-H5-000657,0,,3026074,3026074,0.843,1.0,True,1,657,True
INV-H5-000671,0,,2959062,2959062,0.843,1.0,True,1,671,True
INV-H5-000789,0,,2688188,2688188,0.843,1.0,True,1,789,True
INV-H5-000791,0,,2409561,2409561,0.843,1.0,True,1,791,True
INV-H5-000860,0,,2106262,2106262,0.843,1.0,True,1,860,True
INV-H5-000871,0,,2198231,2198231,0.843,1.0,True,1,871,True
INV-H5-000879,0,,1268035,1268035,0.843,1.0,True,1,879,True
INV-H5-000937,0,,6515306,6515306,0.843,1.0,True,1,937,True
INV-H5-000945,0,,3769040,3769040,0.843,1.0,True,1,945,True
INV-H5-001009,0,,2735156,2735156,0.843,1.0,True,1,1009,True
INV-H5-001039,0,,3109630,3109630,0.843,1.0,True,1,1039,True
INV-H5-000489,1,wrong_unit_basis|unit_price_mismatch|malformed_service_date,674670,688830,0.85,1.0,True,1,489,True
INV-H5-000003,0,,3060861,3060861,0.856,1.0,True,1,3,True
INV-H5-000005,0,,1284813,1284813,0.856,1.0,True,1,5,True
INV-H5-000008,0,,2927504,2927504,0.856,1.0,True,1,8,True
INV-H5-000012,0,,2610439,2610439,0.856,1.0,True,1,12,True
INV-H5-000013,0,,2370617,2370617,0.856,1.0,True,1,13,True
INV-H5-000016,0,,3197587,3197587,0.856,1.0,True,1,16,True
INV-H5-000021,0,,3209579,3209579,0.856,1.0,True,1,21,True
INV-H5-000023,0,,1458945,1458945,0.856,1.0,True,1,23,True
INV-H5-000028,0,,2631208,2631208,0.856,1.0,True,1,28,True
INV-H5-000030,0,,1574328,1574328,0.856,1.0,True,1,30,True
INV-H5-000035,1,volume_discount_incorrectly_applied,3039628,2989060,0.856,1.0,True,1,35,True
INV-H5-000036,0,,1441175,1441175,0.856,1.0,True,1,36,True
INV-H5-000039,0,,420880,420880,0.856,1.0,True,1,39,True
INV-H5-000042,0,,1736302,1736302,0.856,1.0,True,1,42,True
INV-H5-000047,0,,6286080,6286080,0.856,1.0,True,1,47,True
INV-H5-000048,0,,1377165,1377165,0.856,1.0,True,1,48,True
INV-H5-000052,0,,3031372,3031372,0.856,1.0,True,1,52,True
INV-H5-000056,0,,1386580,1386580,0.856,1.0,True,1,56,True
INV-H5-000059,0,,1341728,1341728,0.856,1.0,True,1,59,True
INV-H5-000062,0,,4173307,4173307,0.856,1.0,True,1,62,True
INV-H5-000063,0,,7208783,7208783,0.856,1.0,True,1,63,True
INV-H5-000064,0,,2780762,2780762,0.856,1.0,True,1,64,True
INV-H5-000078,0,,2806193,2806193,0.856,1.0,True,1,78,True
INV-H5-000083,0,,1869011,1869011,0.856,1.0,True,1,83,True
INV-H5-000087,0,,415087,415087,0.856,1.0,True,1,87,True
INV-H5-000090,0,,1712643,1712643,0.856,1.0,True,1,90,True
INV-H5-000094,0,,2728254,2728254,0.856,1.0,True,1,94,True
INV-H5-000096,0,,1671486,1671486,0.856,1.0,True,1,96,True
INV-H5-000097,0,,1973736,1973736,0.856,1.0,True,1,97,True
INV-H5-000102,1,wrong_unit_basis,3415440,3415440,0.856,1.0,True,1,102,True
INV-H5-000103,0,,2369452,2369452,0.856,1.0,True,1,103,True
INV-H5-000109,1,premium_incorrectly_applied|bundle_not_applied|volume_discount_incorrectly_applied,5437189,5397917,0.856,1.0,True,1,109,True
INV-H5-000112,0,,1604708,1604708,0.856,1.0,True,1,112,True
INV-H5-000114,1,volume_discount_incorrectly_applied,1521709,1425235,0.856,1.0,True,1,114,True
INV-H5-000119,0,,1348026,1348026,0.856,1.0,True,1,119,True
INV-H5-000120,1,unit_price_mismatch|volume_discount_incorrectly_applied,5010433,4887416,0.856,1.0,True,1,120,True
INV-H5-000124,0,,5538192,5538192,0.856,1.0,True,1,124,True
INV-H5-000127,1,volume_discount_incorrectly_applied,5658879,5601683,0.856,1.0,True,1,127,True
INV-H5-000132,1,unit_price_mismatch,2431540,2477518,0.856,1.0,True,1,132,True
INV-H5-000134,1,unit_price_mismatch,974410,965478,0.856,1.0,True,1,134,True
INV-H5-000135,0,,2186524,2186524,0.856,1.0,True,1,135,True
INV-H5-000136,1,unit_price_mismatch|volume_discount_incorrectly_applied,1810818,1745497,0.856,1.0,True,1,136,True
INV-H5-000145,1,unit_price_mismatch|volume_discount_incorrectly_applied,2410169,2342674,0.856,1.0,True,1,145,True
INV-H5-000151,0,,1819366,1819366,0.856,1.0,True,1,151,True
INV-H5-000152,0,,979169,979169,0.856,1.0,True,1,152,True
INV-H5-000154,0,,1217400,1217400,0.856,1.0,True,1,154,True
INV-H5-000155,0,,2042963,2042963,0.856,1.0,True,1,155,True
INV-H5-000158,0,,5073740,5073740,0.856,1.0,True,1,158,True
INV-H5-000161,0,,2781086,2781086,0.856,1.0,True,1,161,True
INV-H5-000162,0,,3502745,3502745,0.856,1.0,True,1,162,True
INV-H5-000180,0,,5114274,5114274,0.856,1.0,True,1,180,True
INV-H5-000181,0,,1943470,1943470,0.856,1.0,True,1,181,True
INV-H5-000182,0,,2723846,2723846,0.856,1.0,True,1,182,True
INV-H5-000183,0,,611744,611744,0.856,1.0,True,1,183,True
INV-H5-000185,0,,2144815,2144815,0.856,1.0,True,1,185,True
INV-H5-000188,0,,2467403,2467403,0.856,1.0,True,1,188,True
INV-H5-000189,0,,5210763,5210763,0.856,1.0,True,1,189,True
INV-H5-000191,0,,2828264,2828264,0.856,1.0,True,1,191,True
INV-H5-000193,0,,1192291,1192291,0.856,1.0,True,1,193,True
INV-H5-000197,1,volume_discount_incorrectly_applied,3398989,3362731,0.856,1.0,True,1,197,True
INV-H5-000199,0,,1913793,1913793,0.856,1.0,True,1,199,True
INV-H5-000200,0,,3818816,3818816,0.856,1.0,True,1,200,True
INV-H5-000203,0,,3676902,3676902,0.856,1.0,True,1,203,True
INV-H5-000205,0,,4549107,4549107,0.856,1.0,True,1,205,True
INV-H5-000206,0,,2432220,2432220,0.856,1.0,True,1,206,True
INV-H5-000207,0,,1690030,1690030,0.856,1.0,True,1,207,True
INV-H5-000208,0,,1467080,1467080,0.856,1.0,True,1,208,True
INV-H5-000211,0,,476248,476248,0.856,1.0,True,1,211,True
INV-H5-000214,0,,3483665,3483665,0.856,1.0,True,1,214,True
INV-H5-000216,0,,4189160,4189160,0.856,1.0,True,1,216,True
INV-H5-000221,0,,1252228,1252228,0.856,1.0,True,1,221,True
INV-H5-000222,0,,2145806,2145806,0.856,1.0,True,1,222,True
INV-H5-000223,0,,3641448,3641448,0.856,1.0,True,1,223,True
INV-H5-000226,0,,4310326,4310326,0.856,1.0,True,1,226,True
INV-H5-000234,0,,2702803,2702803,0.856,1.0,True,1,234,True
INV-H5-000243,0,,1460165,1460165,0.856,1.0,True,1,243,True
INV-H5-000253,0,,1356969,1356969,0.856,1.0,True,1,253,True
INV-H5-000265,0,,5411328,5411328,0.856,1.0,True,1,265,True
INV-H5-000272,0,,3664101,3664101,0.856,1.0,True,1,272,True
INV-H5-000278,0,,2230836,2230836,0.856,1.0,True,1,278,True
INV-H5-000280,0,,1908057,1908057,0.856,1.0,True,1,280,True
INV-H5-000281,0,,2211040,2211040,0.856,1.0,True,1,281,True
INV-H5-000283,0,,2961850,2961850,0.856,1.0,True,1,283,True
INV-H5-000286,0,,4767432,4767432,0.856,1.0,True,1,286,True
INV-H5-000288,0,,1491262,1491262,0.856,1.0,True,1,288,True
INV-H5-000290,0,,2034423,2034423,0.856,1.0,True,1,290,True
INV-H5-000292,0,,764510,764510,0.856,1.0,True,1,292,True
INV-H5-000293,0,,4026843,4026843,0.856,1.0,True,1,293,True
INV-H5-000297,1,exclusion_window_violation,4565827,4565827,0.856,1.0,True,1,297,True
INV-H5-000298,1,unit_price_mismatch|contract_number_mismatch,968734,956734,0.856,1.0,True,1,298,True
INV-H5-000304,0,,3621408,3621408,0.856,1.0,True,1,304,True
INV-H5-000306,0,,1577419,1577419,0.856,1.0,True,1,306,True
INV-H5-000315,0,,1174395,1174395,0.856,1.0,True,1,315,True
INV-H5-000317,0,,1332114,1332114,0.856,1.0,True,1,317,True
INV-H5-000318,0,,4906000,4906000,0.856,1.0,True,1,318,True
INV-H5-000323,0,,3550307,3550307,0.856,1.0,True,1,323,True
INV-H5-000325,0,,3864194,3864194,0.856,1.0,True,1,325,True
INV-H5-000326,0,,1433261,1433261,0.856,1.0,True,1,326,True
INV-H5-000329,0,,794948,794948,0.856,1.0,True,1,329,True
INV-H5-000330,1,unit_price_mismatch,2382224,2322164,0.856,1.0,True,1,330,True
INV-H5-000339,1,unit_price_mismatch,4977481,4928549,0.856,1.0,True,1,339,True
INV-H5-000341,0,,3555714,3555714,0.856,1.0,True,1,341,True
INV-H5-000350,0,,1917209,1917209,0.856,1.0,True,1,350,True
INV-H5-000355,0,,1595954,1595954,0.856,1.0,True,1,355,True
INV-H5-000357,0,,3083636,3083636,0.856,1.0,True,1,357,True
INV-H5-000359,0,,2329645,2329645,0.856,1.0,True,1,359,True
INV-H5-000360,0,,2446298,2446298,0.856,1.0,True,1,360,True
INV-H5-000365,0,,3035743,3035743,0.856,1.0,True,1,365,True
INV-H5-000368,0,,1677795,1677795,0.856,1.0,True,1,368,True
INV-H5-000372,0,,1813808,1813808,0.856,1.0,True,1,372,True
INV-H5-000376,0,,638188,638188,0.856,1.0,True,1,376,True
INV-H5-000380,1,unit_price_mismatch,3606879,3549681,0.856,1.0,True,1,380,True
INV-H5-000381,1,unit_price_mismatch,1912674,1900441,0.856,1.0,True,1,381,True
INV-H5-000382,0,,2598821,2598821,0.856,1.0,True,1,382,True
INV-H5-000385,0,,3092311,3092311,0.856,1.0,True,1,385,True
INV-H5-000387,0,,598952,598952,0.856,1.0,True,1,387,True
INV-H5-000389,0,,1503259,1503259,0.856,1.0,True,1,389,True
INV-H5-000391,0,,1656621,1656621,0.856,1.0,True,1,391,True
INV-H5-000392,0,,1415709,1415709,0.856,1.0,True,1,392,True
INV-H5-000399,1,unit_price_mismatch,1467237,1423387,0.856,1.0,True,1,399,True
INV-H5-000401,0,,2009580,2009580,0.856,1.0,True,1,401,True
INV-H5-000402,1,unit_price_mismatch,3636441,3606411,0.856,1.0,True,1,402,True
INV-H5-000405,0,,1858506,1858506,0.856,1.0,True,1,405,True
INV-H5-000407,0,,3327671,3327671,0.856,1.0,True,1,407,True
INV-H5-000412,0,,2936836,2936836,0.856,1.0,True,1,412,True
INV-H5-000413,0,,2342129,2342129,0.856,1.0,True,1,413,True
INV-H5-000415,0,,2020731,2020731,0.856,1.0,True,1,415,True
INV-H5-000418,0,,3156769,3156769,0.856,1.0,True,1,418,True
INV-H5-000420,0,,3452118,3452118,0.856,1.0,True,1,420,True
INV-H5-000428,1,unit_price_mismatch,3641806,3575074,0.856,1.0,True,1,428,True
INV-H5-000432,1,unit_price_mismatch,1443779,1423759,0.856,1.0,True,1,432,True
INV-H5-000434,1,unit_price_mismatch,1253307,1224708,0.856,1.0,True,1,434,True
INV-H5-000438,1,unit_price_mismatch,6548396,6536745,0.856,1.0,True,1,438,True
INV-H5-000439,0,,4289088,4289088,0.856,1.0,True,1,439,True
INV-H5-000440,0,,3082893,3082893,0.856,1.0,True,1,440,True
INV-H5-000441,0,,5312398,5312398,0.856,1.0,True,1,441,True
INV-H5-000442,0,,1468090,1468090,0.856,1.0,True,1,442,True
INV-H5-000444,0,,3449162,3449162,0.856,1.0,True,1,444,True
INV-H5-000455,0,,2636163,2636163,0.856,1.0,True,1,455,True
INV-H5-000456,0,,1996640,1996640,0.856,1.0,True,1,456,True
INV-H5-000461,0,,1241642,1241642,0.856,1.0,True,1,461,True
INV-H5-000468,1,unit_price_mismatch,2346283,2334050,0.856,1.0,True,1,468,True
INV-H5-000476,0,,1109760,1109760,0.856,1.0,True,1,476,True
INV-H5-000484,1,unit_price_mismatch|volume_discount_omitted,1145971,1305451,0.856,1.0,True,1,484,True
INV-H5-000490,0,,4446598,4446598,0.856,1.0,True,1,490,True
INV-H5-000491,0,,911621,911621,0.856,1.0,True,1,491,True
INV-H5-000498,0,,3700163,3700163,0.856,1.0,True,1,498,True
INV-H5-000502,0,,2572580,2572580,0.856,1.0,True,1,502,True
INV-H5-000503,0,,1457770,1457770,0.856,1.0,True,1,503,True
INV-H5-000506,0,,3050833,3050833,0.856,1.0,True,1,506,True
INV-H5-000507,0,,1851981,1851981,0.856,1.0,True,1,507,True
INV-H5-000508,0,,1470692,1470692,0.856,1.0,True,1,508,True
INV-H5-000509,0,,2703277,2703277,0.856,1.0,True,1,509,True
INV-H5-000511,0,,1628661,1628661,0.856,1.0,True,1,511,True
INV-H5-000514,0,,3544922,3544922,0.856,1.0,True,1,514,True
INV-H5-000515,0,,1577341,1577341,0.856,1.0,True,1,515,True
INV-H5-000517,0,,2245747,2245747,0.856,1.0,True,1,517,True
INV-H5-000518,0,,1367901,1367901,0.856,1.0,True,1,518,True
INV-H5-000520,1,unit_price_mismatch|exclusion_window_violation,910959,914819,0.856,1.0,True,1,520,True
INV-H5-000523,0,,2610276,2610276,0.856,1.0,True,1,523,True
INV-H5-000524,0,,2482144,2482144,0.856,1.0,True,1,524,True
INV-H5-000526,0,,2350463,2350463,0.856,1.0,True,1,526,True
INV-H5-000527,0,,899793,899793,0.856,1.0,True,1,527,True
INV-H5-000529,0,,2529372,2529372,0.856,1.0,True,1,529,True
INV-H5-000538,0,,4592044,4592044,0.856,1.0,True,1,538,True
INV-H5-000540,0,,889650,889650,0.856,1.0,True,1,540,True
INV-H5-000546,0,,1605164,1605164,0.856,1.0,True,1,546,True
INV-H5-000549,0,,1257831,1257831,0.856,1.0,True,1,549,True
INV-H5-000552,0,,1333754,1333754,0.856,1.0,True,1,552,True
INV-H5-000553,0,,1913374,1913374,0.856,1.0,True,1,553,True
INV-H5-000554,0,,3434282,3434282,0.856,1.0,True,1,554,True
INV-H5-000556,0,,3188535,3188535,0.856,1.0,True,1,556,True
INV-H5-000557,0,,2940365,2940365,0.856,1.0,True,1,557,True
INV-H5-000562,0,,4192131,4192131,0.856,1.0,True,1,562,True
INV-H5-000566,0,,942798,942798,0.856,1.0,True,1,566,True
INV-H5-000567,0,,2152638,2152638,0.856,1.0,True,1,567,True
INV-H5-000569,0,,7023280,7023280,0.856,1.0,True,1,569,True
INV-H5-000572,0,,4563454,4563454,0.856,1.0,True,1,572,True
INV-H5-000580,0,,5763303,5763303,0.856,1.0,True,1,580,True
INV-H5-000581,0,,4983046,4983046,0.856,1.0,True,1,581,True
INV-H5-000582,0,,2427167,2427167,0.856,1.0,True,1,582,True
INV-H5-000585,0,,2182615,2182615,0.856,1.0,True,1,585,True
INV-H5-000586,0,,2736015,2736015,0.856,1.0,True,1,586,True
INV-H5-000588,0,,858942,858942,0.856,1.0,True,1,588,True
INV-H5-000592,0,,3714402,3714402,0.856,1.0,True,1,592,True
INV-H5-000594,0,,420930,420930,0.856,1.0,True,1,594,True
INV-H5-000596,0,,1411552,1411552,0.856,1.0,True,1,596,True
INV-H5-000600,0,,2256241,2256241,0.856,1.0,True,1,600,True
INV-H5-000603,1,wrong_unit_basis|unit_price_mismatch,3512983,3495789,0.856,1.0,True,1,603,True
INV-H5-000605,0,,2705558,2705558,0.856,1.0,True,1,605,True
INV-H5-000610,0,,2557661,2557661,0.856,1.0,True,1,610,True
INV-H5-000612,0,,1089539,1089539,0.856,1.0,True,1,612,True
INV-H5-000613,0,,3850896,3850896,0.856,1.0,True,1,613,True
INV-H5-000614,0,,1017381,1017381,0.856,1.0,True,1,614,True
INV-H5-000616,0,,3286614,3286614,0.856,1.0,True,1,616,True
INV-H5-000617,0,,2792147,2792147,0.856,1.0,True,1,617,True
INV-H5-000618,0,,1202960,1202960,0.856,1.0,True,1,618,True
INV-H5-000619,0,,3213857,3213857,0.856,1.0,True,1,619,True
INV-H5-000622,0,,3481987,3481987,0.856,1.0,True,1,622,True
INV-H5-000626,0,,2889111,2889111,0.856,1.0,True,1,626,True
INV-H5-000628,0,,3077117,3077117,0.856,1.0,True,1,628,True
INV-H5-000632,0,,3170772,3170772,0.856,1.0,True,1,632,True
INV-H5-000633,0,,1375413,1375413,0.856,1.0,True,1,633,True
INV-H5-000634,0,,1129583,1129583,0.856,1.0,True,1,634,True
INV-H5-000637,0,,1319879,1319879,0.856,1.0,True,1,637,True
INV-H5-000641,0,,2452741,2452741,0.856,1.0,True,1,641,True
INV-H5-000644,0,,4207504,4207504,0.856,1.0,True,1,644,True
INV-H5-000648,0,,3996211,3996211,0.856,1.0,True,1,648,True
INV-H5-000649,0,,2156633,2156633,0.856,1.0,True,1,649,True
INV-H5-000652,0,,4256235,4256235,0.856,1.0,True,1,652,True
INV-H5-000658,0,,3424234,3424234,0.856,1.0,True,1,658,True
INV-H5-000659,0,,4167319,4167319,0.856,1.0,True,1,659,True
INV-H5-000664,0,,3475339,3475339,0.856,1.0,True,1,664,True
INV-H5-000666,0,,1068351,1068351,0.856,1.0,True,1,666,True
INV-H5-000668,0,,1192278,1192278,0.856,1.0,True,1,668,True
INV-H5-000670,0,,1463878,1463878,0.856,1.0,True,1,670,True
INV-H5-000679,0,,871701,871701,0.856,1.0,True,1,679,True
INV-H5-000680,1,unit_price_mismatch|service_date_after_invoice_date,5941719,6010657,0.856,1.0,True,1,680,True
INV-H5-000681,0,,2544026,2544026,0.856,1.0,True,1,681,True
INV-H5-000683,0,,4967450,4967450,0.856,1.0,True,1,683,True
INV-H5-000689,0,,3521008,3521008,0.856,1.0,True,1,689,True
INV-H5-000690,0,,4146073,4146073,0.856,1.0,True,1,690,True
INV-H5-000693,0,,3031724,3031724,0.856,1.0,True,1,693,True
INV-H5-000695,0,,951175,951175,0.856,1.0,True,1,695,True
INV-H5-000698,0,,2764318,2764318,0.856,1.0,True,1,698,True
INV-H5-000701,0,,3626931,3626931,0.856,1.0,True,1,701,True
INV-H5-000704,0,,1526203,1526203,0.856,1.0,True,1,704,True
INV-H5-000705,0,,1978038,1978038,0.856,1.0,True,1,705,True
INV-H5-000706,0,,1836000,1836000,0.856,1.0,True,1,706,True
INV-H5-000707,0,,1354487,1354487,0.856,1.0,True,1,707,True
INV-H5-000714,0,,809557,809557,0.856,1.0,True,1,714,True
INV-H5-000722,0,,1827885,1827885,0.856,1.0,True,1,722,True
INV-H5-000728,0,,2103207,2103207,0.856,1.0,True,1,728,True
INV-H5-000732,0,,3509492,3509492,0.856,1.0,True,1,732,True
INV-H5-000745,0,,915730,915730,0.856,1.0,True,1,745,True
INV-H5-000747,0,,3892637,3892637,0.856,1.0,True,1,747,True
INV-H5-000752,1,exclusion_window_violation|premium_omitted,3543156,3515920,0.856,1.0,True,1,752,True
INV-H5-000754,0,,686754,686754,0.856,1.0,True,1,754,True
INV-H5-000761,0,,3145400,3145400,0.856,1.0,True,1,761,True
INV-H5-000765,0,,1233208,1233208,0.856,1.0,True,1,765,True
INV-H5-000769,0,,2675819,2675819,0.856,1.0,True,1,769,True
INV-H5-000774,0,,416832,416832,0.856,1.0,True,1,774,True
INV-H5-000785,0,,2995078,2995078,0.856,1.0,True,1,785,True
INV-H5-000790,0,,2222551,2222551,0.856,1.0,True,1,790,True
INV-H5-000794,0,,2176531,2176531,0.856,1.0,True,1,794,True
INV-H5-000801,0,,3032292,3032292,0.856,1.0,True,1,801,True
INV-H5-000803,0,,4670245,4670245,0.856,1.0,True,1,803,True
INV-H5-000806,0,,2996292,2996292,0.856,1.0,True,1,806,True
INV-H5-000807,0,,2777236,2777236,0.856,1.0,True,1,807,True
INV-H5-000810,0,,4619371,4619371,0.856,1.0,True,1,810,True
INV-H5-000812,0,,5661710,5661710,0.856,1.0,True,1,812,True
INV-H5-000813,0,,920502,920502,0.856,1.0,True,1,813,True
INV-H5-000814,0,,4875115,4875115,0.856,1.0,True,1,814,True
INV-H5-000816,0,,3037479,3037479,0.856,1.0,True,1,816,True
INV-H5-000822,0,,3149569,3149569,0.856,1.0,True,1,822,True
INV-H5-000825,0,,3713730,3713730,0.856,1.0,True,1,825,True
INV-H5-000827,0,,3234976,3234976,0.856,1.0,True,1,827,True
INV-H5-000828,0,,1586272,1586272,0.856,1.0,True,1,828,True
INV-H5-000838,0,,2103005,2103005,0.856,1.0,True,1,838,True
INV-H5-000841,0,,5653085,5653085,0.856,1.0,True,1,841,True
INV-H5-000844,0,,1957490,1957490,0.856,1.0,True,1,844,True
INV-H5-000848,0,,1596145,1596145,0.856,1.0,True,1,848,True
INV-H5-000850,1,daily_cap_exceeded,4902057,4902057,0.856,1.0,True,1,850,True
INV-H5-000853,0,,2601163,2601163,0.856,1.0,True,1,853,True
INV-H5-000855,0,,3237849,3237849,0.856,1.0,True,1,855,True
INV-H5-000862,0,,2519370,2519370,0.856,1.0,True,1,862,True
INV-H5-000864,0,,4621621,4621621,0.856,1.0,True,1,864,True
INV-H5-000869,0,,1913028,1913028,0.856,1.0,True,1,869,True
INV-H5-000872,0,,1664133,1664133,0.856,1.0,True,1,872,True
INV-H5-000873,0,,4097350,4097350,0.856,1.0,True,1,873,True
INV-H5-000875,0,,3568347,3568347,0.856,1.0,True,1,875,True
INV-H5-000877,0,,1574894,1574894,0.856,1.0,True,1,877,True
INV-H5-000880,0,,625570,625570,0.856,1.0,True,1,880,True
INV-H5-000896,0,,2720760,2720760,0.856,1.0,True,1,896,True
INV-H5-000899,0,,1456808,1456808,0.856,1.0,True,1,899,True
INV-H5-000900,0,,1152205,1152205,0.856,1.0,True,1,900,True
INV-H5-000901,0,,3601565,3601565,0.856,1.0,True,1,901,True
INV-H5-000902,0,,1581158,1581158,0.856,1.0,True,1,902,True
INV-H5-000905,0,,3741442,3741442,0.856,1.0,True,1,905,True
INV-H5-000906,0,,2881655,2881655,0.856,1.0,True,1,906,True
INV-H5-000911,0,,2967408,2967408,0.856,1.0,True,1,911,True
INV-H5-000912,0,,2405012,2405012,0.856,1.0,True,1,912,True
INV-H5-000915,0,,3381685,3381685,0.856,1.0,True,1,915,True
INV-H5-000919,0,,666083,666083,0.856,1.0,True,1,919,True
INV-H5-000921,0,,3000249,3000249,0.856,1.0,True,1,921,True
INV-H5-000925,0,,2973439,2973439,0.856,1.0,True,1,925,True
INV-H5-000926,0,,1952954,1952954,0.856,1.0,True,1,926,True
INV-H5-000927,0,,4866592,4866592,0.856,1.0,True,1,927,True
INV-H5-000935,0,,4576964,4576964,0.856,1.0,True,1,935,True
INV-H5-000938,0,,2774726,2774726,0.856,1.0,True,1,938,True
INV-H5-000939,0,,3525865,3525865,0.856,1.0,True,1,939,True
INV-H5-000941,0,,2653154,2653154,0.856,1.0,True,1,941,True
INV-H5-000946,0,,3367191,3367191,0.856,1.0,True,1,946,True
INV-H5-000949,0,,1776906,1776906,0.856,1.0,True,1,949,True
INV-H5-000950,0,,4185066,4185066,0.856,1.0,True,1,950,True
INV-H5-000957,0,,2222390,2222390,0.856,1.0,True,1,957,True
INV-H5-000959,0,,1820777,1820777,0.856,1.0,True,1,959,True
INV-H5-000961,0,,1818870,1818870,0.856,1.0,True,1,961,True
INV-H5-000973,0,,2608248,2608248,0.856,1.0,True,1,973,True
INV-H5-000974,0,,694010,694010,0.856,1.0,True,1,974,True
INV-H5-000980,0,,2661095,2661095,0.856,1.0,True,1,980,True
INV-H5-000988,0,,2059772,2059772,0.856,1.0,True,1,988,True
INV-H5-000990,0,,1843625,1843625,0.856,1.0,True,1,990,True
INV-H5-000991,0,,5002155,5002155,0.856,1.0,True,1,991,True
INV-H5-000992,0,,2800797,2800797,0.856,1.0,True,1,992,True
INV-H5-000994,1,premium_omitted,1553055,1528515,0.856,1.0,True,1,994,True
INV-H5-000995,0,,4439461,4439461,0.856,1.0,True,1,995,True
INV-H5-000999,0,,429292,429292,0.856,1.0,True,1,999,True
INV-H5-001004,0,,636645,636645,0.856,1.0,True,1,1004,True
INV-H5-001008,0,,2202566,2202566,0.856,1.0,True,1,1008,True
INV-H5-001010,0,,3436810,3436810,0.856,1.0,True,1,1010,True
INV-H5-001011,0,,3849659,3849659,0.856,1.0,True,1,1011,True
INV-H5-001012,0,,1171431,1171431,0.856,1.0,True,1,1012,True
INV-H5-001017,0,,2990475,2990475,0.856,1.0,True,1,1017,True
INV-H5-001018,0,,2806989,2806989,0.856,1.0,True,1,1018,True
INV-H5-001019,0,,1774460,1774460,0.856,1.0,True,1,1019,True
INV-H5-001020,0,,1359899,1359899,0.856,1.0,True,1,1020,True
INV-H5-001023,0,,4145799,4145799,0.856,1.0,True,1,1023,True
INV-H5-001025,0,,2191360,2191360,0.856,1.0,True,1,1025,True
INV-H5-001026,0,,1854508,1854508,0.856,1.0,True,1,1026,True
INV-H5-001029,0,,1326184,1326184,0.856,1.0,True,1,1029,True
INV-H5-001030,0,,2445907,2445907,0.856,1.0,True,1,1030,True
INV-H5-001031,0,,1546572,1546572,0.856,1.0,True,1,1031,True
INV-H5-001032,0,,2785115,2785115,0.856,1.0,True,1,1032,True
INV-H5-001041,0,,1744044,1744044,0.856,1.0,True,1,1041,True
INV-H5-001046,0,,1379695,1379695,0.856,1.0,True,1,1046,True
INV-H5-001047,0,,2529492,2529492,0.856,1.0,True,1,1047,True
INV-H5-001051,0,,3072819,3072819,0.856,1.0,True,1,1051,True
INV-H5-001055,0,,2457815,2457815,0.856,1.0,True,1,1055,True
INV-H5-000353,0,,772183,772183,0.859,1.0,True,1,353,True
INV-H5-000269,0,,1695975,1695975,0.875,1.0,True,1,269,True
INV-H5-000452,0,,761027,761027,0.875,1.0,True,1,452,True
INV-H5-000022,0,,1706589,1706589,0.879,1.0,True,1,22,True
INV-H5-000026,0,,3566663,3566663,0.879,1.0,True,1,26,True
INV-H5-000071,0,,1567731,1567731,0.879,1.0,True,1,71,True
INV-H5-000088,0,,1559454,1559454,0.879,1.0,True,1,88,True
INV-H5-000160,1,invoice_total_mismatch|volume_discount_incorrectly_applied,2546019,2410731,0.879,1.0,True,1,160,True
INV-H5-000176,0,,754959,754959,0.879,1.0,True,1,176,True
INV-H5-000262,0,,1744920,1744920,0.879,1.0,True,1,262,True
INV-H5-000273,0,,1406332,1406332,0.879,1.0,True,1,273,True
INV-H5-000284,0,,3061986,3061986,0.879,1.0,True,1,284,True
INV-H5-000310,0,,700952,700952,0.879,1.0,True,1,310,True
INV-H5-000333,0,,1878972,1878972,0.879,1.0,True,1,333,True
INV-H5-000351,0,,1975300,1975300,0.879,1.0,True,1,351,True
INV-H5-000370,0,,1113454,1113454,0.879,1.0,True,1,370,True
INV-H5-000377,0,,2943896,2943896,0.879,1.0,True,1,377,True
INV-H5-000393,0,,2915305,2915305,0.879,1.0,True,1,393,True
INV-H5-000403,0,,549491,549491,0.879,1.0,True,1,403,True
INV-H5-000406,0,,1754690,1754690,0.879,1.0,True,1,406,True
INV-H5-000416,0,,1741622,1741622,0.879,1.0,True,1,416,True
INV-H5-000421,0,,2923542,2923542,0.879,1.0,True,1,421,True
INV-H5-000458,0,,2050198,2050198,0.879,1.0,True,1,458,True
INV-H5-000459,0,,929383,929383,0.879,1.0,True,1,459,True
INV-H5-000467,0,,1822769,1822769,0.879,1.0,True,1,467,True
INV-H5-000475,0,,1074464,1074464,0.879,1.0,True,1,475,True
INV-H5-000501,0,,1513602,1513602,0.879,1.0,True,1,501,True
INV-H5-000513,0,,3041283,3041283,0.879,1.0,True,1,513,True
INV-H5-000555,0,,1876770,1876770,0.879,1.0,True,1,555,True
INV-H5-000564,0,,1103541,1103541,0.879,1.0,True,1,564,True
INV-H5-000568,0,,2250229,2250229,0.879,1.0,True,1,568,True
INV-H5-000573,0,,1534116,1534116,0.879,1.0,True,1,573,True
INV-H5-000583,0,,997973,997973,0.879,1.0,True,1,583,True
INV-H5-000589,0,,1150933,1150933,0.879,1.0,True,1,589,True
INV-H5-000593,0,,1971033,1971033,0.879,1.0,True,1,593,True
INV-H5-000606,0,,1717772,1717772,0.879,1.0,True,1,606,True
INV-H5-000643,0,,935341,935341,0.879,1.0,True,1,643,True
INV-H5-000645,0,,2439423,2439423,0.879,1.0,True,1,645,True
INV-H5-000647,0,,2569143,2569143,0.879,1.0,True,1,647,True
INV-H5-000699,0,,1965404,1965404,0.879,1.0,True,1,699,True
INV-H5-000713,0,,913625,913625,0.879,1.0,True,1,713,True
INV-H5-000716,0,,1943044,1943044,0.879,1.0,True,1,716,True
INV-H5-000727,0,,2326874,2326874,0.879,1.0,True,1,727,True
INV-H5-000776,0,,1809975,1809975,0.879,1.0,True,1,776,True
INV-H5-000811,0,,862226,862226,0.879,1.0,True,1,811,True
INV-H5-000817,0,,1317130,1317130,0.879,1.0,True,1,817,True
INV-H5-000836,0,,1111946,1111946,0.879,1.0,True,1,836,True
INV-H5-000856,0,,2267767,2267767,0.879,1.0,True,1,856,True
INV-H5-000870,0,,1492257,1492257,0.879,1.0,True,1,870,True
INV-H5-000884,0,,1034433,1034433,0.879,1.0,True,1,884,True
INV-H5-000886,0,,2194566,2194566,0.879,1.0,True,1,886,True
INV-H5-000889,0,,1640226,1640226,0.879,1.0,True,1,889,True
INV-H5-000922,0,,786195,786195,0.879,1.0,True,1,922,True
INV-H5-000948,0,,850714,850714,0.879,1.0,True,1,948,True
INV-H5-000967,0,,4968113,4968113,0.879,1.0,True,1,967,True
INV-H5-000977,0,,586933,586933,0.879,1.0,True,1,977,True
INV-H5-001021,0,,1418056,1418056,0.879,1.0,True,1,1021,True
INV-H5-001024,1,daily_cap_exceeded,2990817,2990817,0.879,1.0,True,1,1024,True
INV-H5-001050,0,,1970667,1970667,0.879,1.0,True,1,1050,True
INV-H5-000004,0,,2394252,2394252,0.883,1.0,True,1,4,True
INV-H5-000344,0,,539985,539985,0.883,1.0,True,1,344,True
INV-H5-000881,0,,1217530,1217530,0.883,1.0,True,1,881,True
INV-H5-000895,0,,1575522,1575522,0.883,1.0,True,1,895,True
INV-H5-000037,1,cross_invoice_duplicate,2358514,2358514,0.97,1.0,True,1,37,True
INV-H5-000077,1,service_date_after_invoice_date,1575041,1575041,0.97,1.0,True,1,77,True
INV-H5-000209,1,contract_number_mismatch,2696117,2696117,0.97,0.857,True,1,209,True
INV-H5-000224,1,malformed_service_date,4711155,4711155,0.97,1.0,True,1,224,True
INV-H5-000229,1,cross_invoice_duplicate,2525002,2525002,0.97,0.929,True,1,229,True
INV-H5-000256,1,cross_invoice_duplicate,2929364,2929364,0.97,1.0,True,1,256,True
INV-H5-000285,1,line_total_arithmetic,2975929,2974929,0.97,1.0,True,1,285,True
INV-H5-000289,1,invoice_total_mismatch,2941899,3041899,0.97,1.0,True,1,289,True
INV-H5-000433,1,cross_invoice_duplicate,1378438,1378438,0.97,1.0,True,1,433,True
INV-H5-000575,1,invoice_total_mismatch,1067381,1167381,0.97,1.0,True,1,575,True
INV-H5-000629,1,line_total_arithmetic|service_date_after_invoice_date|service_date_out_of_window,3571311,3596311,0.97,0.933,True,1,629,True
INV-H5-000907,1,line_total_arithmetic,1511081,1536081,0.97,0.8,True,1,907,True
INV-H5-000979,1,service_date_out_of_window,7668100,7668100,0.97,1.0,True,1,979,True
INV-H5-000997,1,cross_invoice_duplicate,4176333,4176333,0.97,1.0,True,1,997,True
INV-H5-001014,1,service_date_after_invoice_date,1777417,1777417,0.97,1.0,True,1,1014,True
